date,discharge(cumecs),area(sq km),latitude,longitude
2015-01-01,0.628,175.0,7:17:0N,36:13:0E
2015-01-02,0.628,175.0,7:17:0N,36:13:0E
2015-01-03,0.628,175.0,7:17:0N,36:13:0E
2015-01-04,0.5920000000000001,175.0,7:17:0N,36:13:0E
2015-01-05,0.5920000000000001,175.0,7:17:0N,36:13:0E
2015-01-06,0.5920000000000001,175.0,7:17:0N,36:13:0E
2015-01-07,0.5920000000000001,175.0,7:17:0N,36:13:0E
2015-01-08,0.5920000000000001,175.0,7:17:0N,36:13:0E
2015-01-09,0.556,175.0,7:17:0N,36:13:0E
2015-01-10,0.556,175.0,7:17:0N,36:13:0E
2015-01-11,0.556,175.0,7:17:0N,36:13:0E
2015-01-12,0.556,175.0,7:17:0N,36:13:0E
2015-01-13,0.556,175.0,7:17:0N,36:13:0E
2015-01-14,0.556,175.0,7:17:0N,36:13:0E
2015-01-15,0.556,175.0,7:17:0N,36:13:0E
2015-01-16,0.556,175.0,7:17:0N,36:13:0E
2015-01-17,0.556,175.0,7:17:0N,36:13:0E
2015-01-18,0.556,175.0,7:17:0N,36:13:0E
2015-01-19,0.556,175.0,7:17:0N,36:13:0E
2015-01-20,0.52,175.0,7:17:0N,36:13:0E
2015-01-21,0.52,175.0,7:17:0N,36:13:0E
2015-01-22,0.52,175.0,7:17:0N,36:13:0E
2015-01-23,0.52,175.0,7:17:0N,36:13:0E
2015-01-24,0.52,175.0,7:17:0N,36:13:0E
2015-01-25,0.485,175.0,7:17:0N,36:13:0E
2015-01-26,0.485,175.0,7:17:0N,36:13:0E
2015-01-27,0.485,175.0,7:17:0N,36:13:0E
2015-01-28,0.485,175.0,7:17:0N,36:13:0E
2015-01-29,0.485,175.0,7:17:0N,36:13:0E
2015-01-30,0.485,175.0,7:17:0N,36:13:0E
2015-01-31,0.451,175.0,7:17:0N,36:13:0E
2016-01-01,1.726,175.0,7:17:0N,36:13:0E
2016-01-02,1.819,175.0,7:17:0N,36:13:0E
2016-01-03,1.9140000000000001,175.0,7:17:0N,36:13:0E
2016-01-04,1.9140000000000001,175.0,7:17:0N,36:13:0E
2016-01-05,1.9140000000000001,175.0,7:17:0N,36:13:0E
2016-01-06,1.819,175.0,7:17:0N,36:13:0E
2016-01-07,1.819,175.0,7:17:0N,36:13:0E
2016-01-08,1.819,175.0,7:17:0N,36:13:0E
2016-01-09,1.7719999999999998,175.0,7:17:0N,36:13:0E
2016-01-10,1.726,175.0,7:17:0N,36:13:0E
2016-01-11,1.679,175.0,7:17:0N,36:13:0E
2016-01-12,1.726,175.0,7:17:0N,36:13:0E
2016-01-13,1.7719999999999998,175.0,7:17:0N,36:13:0E
2016-01-14,1.726,175.0,7:17:0N,36:13:0E
2016-01-15,1.633,175.0,7:17:0N,36:13:0E
2016-01-16,1.587,175.0,7:17:0N,36:13:0E
2016-01-17,1.587,175.0,7:17:0N,36:13:0E
2016-01-18,1.587,175.0,7:17:0N,36:13:0E
2016-01-19,1.5419999999999998,175.0,7:17:0N,36:13:0E
2016-01-20,1.496,175.0,7:17:0N,36:13:0E
2016-01-21,1.496,175.0,7:17:0N,36:13:0E
2016-01-22,1.4509999999999998,175.0,7:17:0N,36:13:0E
2016-01-23,1.4509999999999998,175.0,7:17:0N,36:13:0E
2016-01-24,1.4069999999999998,175.0,7:17:0N,36:13:0E
2016-01-25,1.3619999999999999,175.0,7:17:0N,36:13:0E
2016-01-26,1.319,175.0,7:17:0N,36:13:0E
2016-01-27,1.275,175.0,7:17:0N,36:13:0E
2016-01-28,1.232,175.0,7:17:0N,36:13:0E
2016-01-29,1.189,175.0,7:17:0N,36:13:0E
2016-01-30,1.189,175.0,7:17:0N,36:13:0E
2016-01-31,1.146,175.0,7:17:0N,36:13:0E
2017-01-01,0.628,175.0,7:17:0N,36:13:0E
2017-01-02,0.628,175.0,7:17:0N,36:13:0E
2017-01-03,0.628,175.0,7:17:0N,36:13:0E
2017-01-04,0.628,175.0,7:17:0N,36:13:0E
2017-01-05,0.628,175.0,7:17:0N,36:13:0E
2017-01-06,0.628,175.0,7:17:0N,36:13:0E
2017-01-07,0.628,175.0,7:17:0N,36:13:0E
2017-01-08,0.628,175.0,7:17:0N,36:13:0E
2017-01-09,0.628,175.0,7:17:0N,36:13:0E
2017-01-10,0.628,175.0,7:17:0N,36:13:0E
2017-01-11,0.628,175.0,7:17:0N,36:13:0E
2017-01-12,0.628,175.0,7:17:0N,36:13:0E
2017-01-13,0.628,175.0,7:17:0N,36:13:0E
2017-01-14,0.628,175.0,7:17:0N,36:13:0E
2017-01-15,0.628,175.0,7:17:0N,36:13:0E
2017-01-16,0.628,175.0,7:17:0N,36:13:0E
2017-01-17,0.628,175.0,7:17:0N,36:13:0E
2017-01-18,0.628,175.0,7:17:0N,36:13:0E
2017-01-19,0.628,175.0,7:17:0N,36:13:0E
2017-01-20,0.628,175.0,7:17:0N,36:13:0E
2017-01-21,0.628,175.0,7:17:0N,36:13:0E
2017-01-22,0.628,175.0,7:17:0N,36:13:0E
2017-01-23,0.628,175.0,7:17:0N,36:13:0E
2017-01-24,0.628,175.0,7:17:0N,36:13:0E
2017-01-25,0.6659999999999999,175.0,7:17:0N,36:13:0E
2017-01-26,0.6659999999999999,175.0,7:17:0N,36:13:0E
2017-01-27,0.703,175.0,7:17:0N,36:13:0E
2017-01-28,0.703,175.0,7:17:0N,36:13:0E
2017-01-29,0.703,175.0,7:17:0N,36:13:0E
2017-01-30,0.703,175.0,7:17:0N,36:13:0E
2017-01-31,0.703,175.0,7:17:0N,36:13:0E
2018-01-01,0.628,175.0,7:17:0N,36:13:0E
2018-01-02,0.6659999999999999,175.0,7:17:0N,36:13:0E
2018-01-03,0.703,175.0,7:17:0N,36:13:0E
2018-01-04,0.703,175.0,7:17:0N,36:13:0E
2018-01-05,0.6659999999999999,175.0,7:17:0N,36:13:0E
2018-01-06,0.6659999999999999,175.0,7:17:0N,36:13:0E
2018-01-07,0.6659999999999999,175.0,7:17:0N,36:13:0E
2018-01-08,0.6659999999999999,175.0,7:17:0N,36:13:0E
2018-01-09,0.628,175.0,7:17:0N,36:13:0E
2018-01-10,0.628,175.0,7:17:0N,36:13:0E
2018-01-11,0.628,175.0,7:17:0N,36:13:0E
2018-01-12,0.628,175.0,7:17:0N,36:13:0E
2018-01-13,0.628,175.0,7:17:0N,36:13:0E
2018-01-14,0.628,175.0,7:17:0N,36:13:0E
2018-01-15,0.628,175.0,7:17:0N,36:13:0E
2018-01-16,0.628,175.0,7:17:0N,36:13:0E
2018-01-17,0.628,175.0,7:17:0N,36:13:0E
2018-01-18,0.628,175.0,7:17:0N,36:13:0E
2018-01-19,0.703,175.0,7:17:0N,36:13:0E
2018-01-20,0.703,175.0,7:17:0N,36:13:0E
2018-01-21,0.703,175.0,7:17:0N,36:13:0E
2018-01-22,0.703,175.0,7:17:0N,36:13:0E
2018-01-23,0.6659999999999999,175.0,7:17:0N,36:13:0E
2018-01-24,0.628,175.0,7:17:0N,36:13:0E
2018-01-25,0.5920000000000001,175.0,7:17:0N,36:13:0E
2018-01-26,0.52,175.0,7:17:0N,36:13:0E
2018-01-27,0.52,175.0,7:17:0N,36:13:0E
2018-01-28,0.52,175.0,7:17:0N,36:13:0E
2018-01-29,0.52,175.0,7:17:0N,36:13:0E
2018-01-30,0.52,175.0,7:17:0N,36:13:0E
2018-01-31,0.52,175.0,7:17:0N,36:13:0E
2015-02-01,0.451,175.0,7:17:0N,36:13:0E
2015-02-02,0.451,175.0,7:17:0N,36:13:0E
2015-02-03,0.41700000000000004,175.0,7:17:0N,36:13:0E
2015-02-04,0.41700000000000004,175.0,7:17:0N,36:13:0E
2015-02-05,0.41700000000000004,175.0,7:17:0N,36:13:0E
2015-02-06,0.41700000000000004,175.0,7:17:0N,36:13:0E
2015-02-07,0.41700000000000004,175.0,7:17:0N,36:13:0E
2015-02-08,0.38299999999999995,175.0,7:17:0N,36:13:0E
2015-02-09,0.38299999999999995,175.0,7:17:0N,36:13:0E
2015-02-10,0.38299999999999995,175.0,7:17:0N,36:13:0E
2015-02-11,0.38299999999999995,175.0,7:17:0N,36:13:0E
2015-02-12,0.38299999999999995,175.0,7:17:0N,36:13:0E
2015-02-13,0.38299999999999995,175.0,7:17:0N,36:13:0E
2015-02-14,0.38299999999999995,175.0,7:17:0N,36:13:0E
2015-02-15,0.41700000000000004,175.0,7:17:0N,36:13:0E
2015-02-16,0.41700000000000004,175.0,7:17:0N,36:13:0E
2015-02-17,0.41700000000000004,175.0,7:17:0N,36:13:0E
2015-02-18,0.41700000000000004,175.0,7:17:0N,36:13:0E
2015-02-19,0.41700000000000004,175.0,7:17:0N,36:13:0E
2015-02-20,0.41700000000000004,175.0,7:17:0N,36:13:0E
2015-02-21,0.41700000000000004,175.0,7:17:0N,36:13:0E
2015-02-22,0.41700000000000004,175.0,7:17:0N,36:13:0E
2015-02-23,0.41700000000000004,175.0,7:17:0N,36:13:0E
2015-02-24,0.38299999999999995,175.0,7:17:0N,36:13:0E
2015-02-25,0.38299999999999995,175.0,7:17:0N,36:13:0E
2015-02-26,0.38299999999999995,175.0,7:17:0N,36:13:0E
2015-02-27,0.35100000000000003,175.0,7:17:0N,36:13:0E
2015-02-28,0.35100000000000003,175.0,7:17:0N,36:13:0E
2016-02-01,1.104,175.0,7:17:0N,36:13:0E
2016-02-02,1.104,175.0,7:17:0N,36:13:0E
2016-02-03,1.02,175.0,7:17:0N,36:13:0E
2016-02-04,1.02,175.0,7:17:0N,36:13:0E
2016-02-05,0.9390000000000001,175.0,7:17:0N,36:13:0E
2016-02-06,0.9390000000000001,175.0,7:17:0N,36:13:0E
2016-02-07,0.898,175.0,7:17:0N,36:13:0E
2016-02-08,0.8590000000000001,175.0,7:17:0N,36:13:0E
2016-02-09,0.8190000000000001,175.0,7:17:0N,36:13:0E
2016-02-10,0.78,175.0,7:17:0N,36:13:0E
2016-02-11,0.741,175.0,7:17:0N,36:13:0E
2016-02-12,0.703,175.0,7:17:0N,36:13:0E
2016-02-13,0.703,175.0,7:17:0N,36:13:0E
2016-02-14,0.6659999999999999,175.0,7:17:0N,36:13:0E
2016-02-15,0.628,175.0,7:17:0N,36:13:0E
2016-02-16,0.628,175.0,7:17:0N,36:13:0E
2016-02-17,0.5920000000000001,175.0,7:17:0N,36:13:0E
2016-02-18,0.556,175.0,7:17:0N,36:13:0E
2016-02-19,0.52,175.0,7:17:0N,36:13:0E
2016-02-20,0.52,175.0,7:17:0N,36:13:0E
2016-02-21,0.52,175.0,7:17:0N,36:13:0E
2016-02-22,0.52,175.0,7:17:0N,36:13:0E
2016-02-23,0.52,175.0,7:17:0N,36:13:0E
2016-02-24,0.628,175.0,7:17:0N,36:13:0E
2016-02-25,0.8190000000000001,175.0,7:17:0N,36:13:0E
2016-02-26,1.189,175.0,7:17:0N,36:13:0E
2016-02-27,1.633,175.0,7:17:0N,36:13:0E
2016-02-28,1.7719999999999998,175.0,7:17:0N,36:13:0E
2016-02-29,1.587,175.0,7:17:0N,36:13:0E
2017-02-01,0.703,175.0,7:17:0N,36:13:0E
2017-02-02,0.703,175.0,7:17:0N,36:13:0E
2017-02-03,0.703,175.0,7:17:0N,36:13:0E
2017-02-04,0.703,175.0,7:17:0N,36:13:0E
2017-02-05,0.703,175.0,7:17:0N,36:13:0E
2017-02-06,0.703,175.0,7:17:0N,36:13:0E
2017-02-07,0.703,175.0,7:17:0N,36:13:0E
2017-02-08,0.703,175.0,7:17:0N,36:13:0E
2017-02-09,0.703,175.0,7:17:0N,36:13:0E
2017-02-10,0.703,175.0,7:17:0N,36:13:0E
2017-02-11,0.703,175.0,7:17:0N,36:13:0E
2017-02-12,0.703,175.0,7:17:0N,36:13:0E
2017-02-13,0.703,175.0,7:17:0N,36:13:0E
2017-02-14,0.703,175.0,7:17:0N,36:13:0E
2017-02-15,0.703,175.0,7:17:0N,36:13:0E
2017-02-16,0.78,175.0,7:17:0N,36:13:0E
2017-02-17,0.8190000000000001,175.0,7:17:0N,36:13:0E
2017-02-18,0.8190000000000001,175.0,7:17:0N,36:13:0E
2017-02-19,0.8590000000000001,175.0,7:17:0N,36:13:0E
2017-02-20,0.8590000000000001,175.0,7:17:0N,36:13:0E
2017-02-21,0.8590000000000001,175.0,7:17:0N,36:13:0E
2017-02-22,0.8590000000000001,175.0,7:17:0N,36:13:0E
2017-02-23,0.8590000000000001,175.0,7:17:0N,36:13:0E
2017-02-24,0.8590000000000001,175.0,7:17:0N,36:13:0E
2017-02-25,0.9390000000000001,175.0,7:17:0N,36:13:0E
2017-02-26,0.9390000000000001,175.0,7:17:0N,36:13:0E
2017-02-27,0.8590000000000001,175.0,7:17:0N,36:13:0E
2017-02-28,0.741,175.0,7:17:0N,36:13:0E
2018-02-01,0.52,175.0,7:17:0N,36:13:0E
2018-02-02,0.485,175.0,7:17:0N,36:13:0E
2018-02-03,0.485,175.0,7:17:0N,36:13:0E
2018-02-04,0.485,175.0,7:17:0N,36:13:0E
2018-02-05,0.485,175.0,7:17:0N,36:13:0E
2018-02-06,0.485,175.0,7:17:0N,36:13:0E
2018-02-07,0.485,175.0,7:17:0N,36:13:0E
2018-02-08,0.485,175.0,7:17:0N,36:13:0E
2018-02-09,0.485,175.0,7:17:0N,36:13:0E
2018-02-10,0.485,175.0,7:17:0N,36:13:0E
2018-02-11,0.52,175.0,7:17:0N,36:13:0E
2018-02-12,0.556,175.0,7:17:0N,36:13:0E
2018-02-13,0.556,175.0,7:17:0N,36:13:0E
2018-02-14,0.556,175.0,7:17:0N,36:13:0E
2018-02-15,0.556,175.0,7:17:0N,36:13:0E
2018-02-16,0.5920000000000001,175.0,7:17:0N,36:13:0E
2018-02-17,0.5920000000000001,175.0,7:17:0N,36:13:0E
2018-02-18,0.628,175.0,7:17:0N,36:13:0E
2018-02-19,0.628,175.0,7:17:0N,36:13:0E
2018-02-20,0.6659999999999999,175.0,7:17:0N,36:13:0E
2018-02-21,0.703,175.0,7:17:0N,36:13:0E
2018-02-22,0.628,175.0,7:17:0N,36:13:0E
2018-02-23,0.628,175.0,7:17:0N,36:13:0E
2018-02-24,0.5920000000000001,175.0,7:17:0N,36:13:0E
2018-02-25,0.5920000000000001,175.0,7:17:0N,36:13:0E
2018-02-26,0.5920000000000001,175.0,7:17:0N,36:13:0E
2018-02-27,0.5920000000000001,175.0,7:17:0N,36:13:0E
2018-02-28,0.5920000000000001,175.0,7:17:0N,36:13:0E
2015-03-01,0.35100000000000003,175.0,7:17:0N,36:13:0E
2015-03-02,0.35100000000000003,175.0,7:17:0N,36:13:0E
2015-03-03,0.35100000000000003,175.0,7:17:0N,36:13:0E
2015-03-04,0.35100000000000003,175.0,7:17:0N,36:13:0E
2015-03-05,0.35100000000000003,175.0,7:17:0N,36:13:0E
2015-03-06,0.35100000000000003,175.0,7:17:0N,36:13:0E
2015-03-07,0.35100000000000003,175.0,7:17:0N,36:13:0E
2015-03-08,0.35100000000000003,175.0,7:17:0N,36:13:0E
2015-03-09,0.35100000000000003,175.0,7:17:0N,36:13:0E
2015-03-10,0.35100000000000003,175.0,7:17:0N,36:13:0E
2015-03-11,0.319,175.0,7:17:0N,36:13:0E
2015-03-12,0.319,175.0,7:17:0N,36:13:0E
2015-03-13,0.319,175.0,7:17:0N,36:13:0E
2015-03-14,0.319,175.0,7:17:0N,36:13:0E
2015-03-15,0.319,175.0,7:17:0N,36:13:0E
2015-03-16,0.35100000000000003,175.0,7:17:0N,36:13:0E
2015-03-17,0.35100000000000003,175.0,7:17:0N,36:13:0E
2015-03-18,0.35100000000000003,175.0,7:17:0N,36:13:0E
2015-03-19,0.35100000000000003,175.0,7:17:0N,36:13:0E
2015-03-20,0.38299999999999995,175.0,7:17:0N,36:13:0E
2015-03-21,0.41700000000000004,175.0,7:17:0N,36:13:0E
2015-03-22,0.485,175.0,7:17:0N,36:13:0E
2015-03-23,0.556,175.0,7:17:0N,36:13:0E
2015-03-24,0.556,175.0,7:17:0N,36:13:0E
2015-03-25,0.52,175.0,7:17:0N,36:13:0E
2015-03-26,0.485,175.0,7:17:0N,36:13:0E
2015-03-27,0.52,175.0,7:17:0N,36:13:0E
2015-03-28,0.556,175.0,7:17:0N,36:13:0E
2015-03-29,0.556,175.0,7:17:0N,36:13:0E
2015-03-30,0.556,175.0,7:17:0N,36:13:0E
2015-03-31,0.628,175.0,7:17:0N,36:13:0E
2016-03-01,1.4509999999999998,175.0,7:17:0N,36:13:0E
2016-03-02,1.4069999999999998,175.0,7:17:0N,36:13:0E
2016-03-03,1.104,175.0,7:17:0N,36:13:0E
2016-03-04,1.062,175.0,7:17:0N,36:13:0E
2016-03-05,1.02,175.0,7:17:0N,36:13:0E
2016-03-06,0.9790000000000001,175.0,7:17:0N,36:13:0E
2016-03-07,0.9790000000000001,175.0,7:17:0N,36:13:0E
2016-03-08,0.898,175.0,7:17:0N,36:13:0E
2016-03-09,0.8590000000000001,175.0,7:17:0N,36:13:0E
2016-03-10,0.8190000000000001,175.0,7:17:0N,36:13:0E
2016-03-11,0.78,175.0,7:17:0N,36:13:0E
2016-03-12,0.741,175.0,7:17:0N,36:13:0E
2016-03-13,0.8590000000000001,175.0,7:17:0N,36:13:0E
2016-03-14,0.9390000000000001,175.0,7:17:0N,36:13:0E
2016-03-15,1.02,175.0,7:17:0N,36:13:0E
2016-03-16,1.146,175.0,7:17:0N,36:13:0E
2016-03-17,1.104,175.0,7:17:0N,36:13:0E
2016-03-18,0.9790000000000001,175.0,7:17:0N,36:13:0E
2016-03-19,0.9390000000000001,175.0,7:17:0N,36:13:0E
2016-03-20,1.02,175.0,7:17:0N,36:13:0E
2016-03-21,1.02,175.0,7:17:0N,36:13:0E
2016-03-22,0.9790000000000001,175.0,7:17:0N,36:13:0E
2016-03-23,0.9390000000000001,175.0,7:17:0N,36:13:0E
2016-03-24,0.898,175.0,7:17:0N,36:13:0E
2016-03-25,0.8190000000000001,175.0,7:17:0N,36:13:0E
2016-03-26,0.898,175.0,7:17:0N,36:13:0E
2016-03-27,0.898,175.0,7:17:0N,36:13:0E
2016-03-28,0.5920000000000001,175.0,7:17:0N,36:13:0E
2016-03-29,0.52,175.0,7:17:0N,36:13:0E
2016-03-30,0.485,175.0,7:17:0N,36:13:0E
2016-03-31,0.451,175.0,7:17:0N,36:13:0E
2017-03-01,0.703,175.0,7:17:0N,36:13:0E
2017-03-02,0.6659999999999999,175.0,7:17:0N,36:13:0E
2017-03-03,0.6659999999999999,175.0,7:17:0N,36:13:0E
2017-03-04,0.6659999999999999,175.0,7:17:0N,36:13:0E
2017-03-05,0.6659999999999999,175.0,7:17:0N,36:13:0E
2017-03-06,0.6659999999999999,175.0,7:17:0N,36:13:0E
2017-03-07,0.6659999999999999,175.0,7:17:0N,36:13:0E
2017-03-08,0.6659999999999999,175.0,7:17:0N,36:13:0E
2017-03-09,0.6659999999999999,175.0,7:17:0N,36:13:0E
2017-03-10,0.6659999999999999,175.0,7:17:0N,36:13:0E
2017-03-11,0.6659999999999999,175.0,7:17:0N,36:13:0E
2017-03-12,0.6659999999999999,175.0,7:17:0N,36:13:0E
2017-03-13,0.6659999999999999,175.0,7:17:0N,36:13:0E
2017-03-14,0.6659999999999999,175.0,7:17:0N,36:13:0E
2017-03-15,0.6659999999999999,175.0,7:17:0N,36:13:0E
2017-03-16,0.6659999999999999,175.0,7:17:0N,36:13:0E
2017-03-17,0.6659999999999999,175.0,7:17:0N,36:13:0E
2017-03-18,0.6659999999999999,175.0,7:17:0N,36:13:0E
2017-03-19,0.6659999999999999,175.0,7:17:0N,36:13:0E
2017-03-20,0.6659999999999999,175.0,7:17:0N,36:13:0E
2017-03-21,0.703,175.0,7:17:0N,36:13:0E
2017-03-22,0.741,175.0,7:17:0N,36:13:0E
2017-03-23,0.78,175.0,7:17:0N,36:13:0E
2017-03-24,0.78,175.0,7:17:0N,36:13:0E
2017-03-25,0.8590000000000001,175.0,7:17:0N,36:13:0E
2017-03-26,0.78,175.0,7:17:0N,36:13:0E
2017-03-27,0.78,175.0,7:17:0N,36:13:0E
2017-03-28,0.741,175.0,7:17:0N,36:13:0E
2017-03-29,0.78,175.0,7:17:0N,36:13:0E
2017-03-30,0.741,175.0,7:17:0N,36:13:0E
2017-03-31,0.741,175.0,7:17:0N,36:13:0E
2018-03-01,0.5920000000000001,175.0,7:17:0N,36:13:0E
2018-03-02,0.5920000000000001,175.0,7:17:0N,36:13:0E
2018-03-03,0.628,175.0,7:17:0N,36:13:0E
2018-03-04,0.703,175.0,7:17:0N,36:13:0E
2018-03-05,0.6659999999999999,175.0,7:17:0N,36:13:0E
2018-03-06,0.628,175.0,7:17:0N,36:13:0E
2018-03-07,0.628,175.0,7:17:0N,36:13:0E
2018-03-08,0.628,175.0,7:17:0N,36:13:0E
2018-03-09,0.5920000000000001,175.0,7:17:0N,36:13:0E
2018-03-10,0.5920000000000001,175.0,7:17:0N,36:13:0E
2018-03-11,0.5920000000000001,175.0,7:17:0N,36:13:0E
2018-03-12,0.628,175.0,7:17:0N,36:13:0E
2018-03-13,0.703,175.0,7:17:0N,36:13:0E
2018-03-14,0.703,175.0,7:17:0N,36:13:0E
2018-03-15,0.703,175.0,7:17:0N,36:13:0E
2018-03-16,0.703,175.0,7:17:0N,36:13:0E
2018-03-17,0.78,175.0,7:17:0N,36:13:0E
2018-03-18,0.898,175.0,7:17:0N,36:13:0E
2018-03-19,1.02,175.0,7:17:0N,36:13:0E
2018-03-20,1.104,175.0,7:17:0N,36:13:0E
2018-03-21,1.146,175.0,7:17:0N,36:13:0E
2018-03-22,1.189,175.0,7:17:0N,36:13:0E
2018-03-23,1.189,175.0,7:17:0N,36:13:0E
2018-03-24,1.275,175.0,7:17:0N,36:13:0E
2018-03-25,1.275,175.0,7:17:0N,36:13:0E
2018-03-26,1.275,175.0,7:17:0N,36:13:0E
2018-03-27,1.232,175.0,7:17:0N,36:13:0E
2018-03-28,1.189,175.0,7:17:0N,36:13:0E
2018-03-29,1.232,175.0,7:17:0N,36:13:0E
2018-03-30,1.189,175.0,7:17:0N,36:13:0E
2018-03-31,1.104,175.0,7:17:0N,36:13:0E
2015-04-01,0.6659999999999999,175.0,7:17:0N,36:13:0E
2015-04-02,0.703,175.0,7:17:0N,36:13:0E
2015-04-03,0.78,175.0,7:17:0N,36:13:0E
2015-04-04,0.9790000000000001,175.0,7:17:0N,36:13:0E
2015-04-05,1.146,175.0,7:17:0N,36:13:0E
2015-04-06,1.5419999999999998,175.0,7:17:0N,36:13:0E
2015-04-07,2.01,175.0,7:17:0N,36:13:0E
2015-04-08,2.405,175.0,7:17:0N,36:13:0E
2015-04-09,2.815,175.0,7:17:0N,36:13:0E
2015-04-10,3.0260000000000002,175.0,7:17:0N,36:13:0E
2015-04-11,3.1860000000000004,175.0,7:17:0N,36:13:0E
2015-04-12,3.2939999999999996,175.0,7:17:0N,36:13:0E
2015-04-13,3.457,175.0,7:17:0N,36:13:0E
2015-04-14,5.062,175.0,7:17:0N,36:13:0E
2015-04-15,5.182,175.0,7:17:0N,36:13:0E
2015-04-16,5.3020000000000005,175.0,7:17:0N,36:13:0E
2015-04-17,5.422999999999999,175.0,7:17:0N,36:13:0E
2015-04-18,5.545,175.0,7:17:0N,36:13:0E
2015-04-19,5.422999999999999,175.0,7:17:0N,36:13:0E
2015-04-20,5.545,175.0,7:17:0N,36:13:0E
2015-04-21,5.606,175.0,7:17:0N,36:13:0E
2015-04-22,5.914,175.0,7:17:0N,36:13:0E
2015-04-23,6.225,175.0,7:17:0N,36:13:0E
2015-04-24,6.54,175.0,7:17:0N,36:13:0E
2015-04-25,7.181,175.0,7:17:0N,36:13:0E
2015-04-26,7.441,175.0,7:17:0N,36:13:0E
2015-04-27,7.441,175.0,7:17:0N,36:13:0E
2015-04-28,7.246,175.0,7:17:0N,36:13:0E
2015-04-29,7.507000000000001,175.0,7:17:0N,36:13:0E
2015-04-30,7.968,175.0,7:17:0N,36:13:0E
2016-04-01,0.52,175.0,7:17:0N,36:13:0E
2016-04-02,0.6659999999999999,175.0,7:17:0N,36:13:0E
2016-04-03,0.6659999999999999,175.0,7:17:0N,36:13:0E
2016-04-04,0.703,175.0,7:17:0N,36:13:0E
2016-04-05,0.741,175.0,7:17:0N,36:13:0E
2016-04-06,0.5920000000000001,175.0,7:17:0N,36:13:0E
2016-04-07,0.52,175.0,7:17:0N,36:13:0E
2016-04-08,0.451,175.0,7:17:0N,36:13:0E
2016-04-09,0.451,175.0,7:17:0N,36:13:0E
2016-04-10,0.52,175.0,7:17:0N,36:13:0E
2016-04-11,0.6659999999999999,175.0,7:17:0N,36:13:0E
2016-04-12,0.8590000000000001,175.0,7:17:0N,36:13:0E
2016-04-13,0.9390000000000001,175.0,7:17:0N,36:13:0E
2016-04-14,1.232,175.0,7:17:0N,36:13:0E
2016-04-15,1.5419999999999998,175.0,7:17:0N,36:13:0E
2016-04-16,1.7719999999999998,175.0,7:17:0N,36:13:0E
2016-04-17,1.867,175.0,7:17:0N,36:13:0E
2016-04-18,1.679,175.0,7:17:0N,36:13:0E
2016-04-19,1.587,175.0,7:17:0N,36:13:0E
2016-04-20,1.4509999999999998,175.0,7:17:0N,36:13:0E
2016-04-21,1.5419999999999998,175.0,7:17:0N,36:13:0E
2016-04-22,1.496,175.0,7:17:0N,36:13:0E
2016-04-23,1.587,175.0,7:17:0N,36:13:0E
2016-04-24,1.679,175.0,7:17:0N,36:13:0E
2016-04-25,1.819,175.0,7:17:0N,36:13:0E
2016-04-26,2.01,175.0,7:17:0N,36:13:0E
2016-04-27,2.455,175.0,7:17:0N,36:13:0E
2016-04-28,2.92,175.0,7:17:0N,36:13:0E
2016-04-29,2.7110000000000003,175.0,7:17:0N,36:13:0E
2016-04-30,5.976,175.0,7:17:0N,36:13:0E
2017-04-01,0.78,175.0,7:17:0N,36:13:0E
2017-04-02,0.703,175.0,7:17:0N,36:13:0E
2017-04-03,0.741,175.0,7:17:0N,36:13:0E
2017-04-04,0.78,175.0,7:17:0N,36:13:0E
2017-04-05,0.78,175.0,7:17:0N,36:13:0E
2017-04-06,0.78,175.0,7:17:0N,36:13:0E
2017-04-07,0.8190000000000001,175.0,7:17:0N,36:13:0E
2017-04-08,0.78,175.0,7:17:0N,36:13:0E
2017-04-09,0.78,175.0,7:17:0N,36:13:0E
2017-04-10,0.9390000000000001,175.0,7:17:0N,36:13:0E
2017-04-11,1.146,175.0,7:17:0N,36:13:0E
2017-04-12,1.232,175.0,7:17:0N,36:13:0E
2017-04-13,1.189,175.0,7:17:0N,36:13:0E
2017-04-14,1.275,175.0,7:17:0N,36:13:0E
2017-04-15,1.275,175.0,7:17:0N,36:13:0E
2017-04-16,1.232,175.0,7:17:0N,36:13:0E
2017-04-17,1.275,175.0,7:17:0N,36:13:0E
2017-04-18,1.3619999999999999,175.0,7:17:0N,36:13:0E
2017-04-19,1.4509999999999998,175.0,7:17:0N,36:13:0E
2017-04-20,1.819,175.0,7:17:0N,36:13:0E
2017-04-21,2.206,175.0,7:17:0N,36:13:0E
2017-04-22,2.7110000000000003,175.0,7:17:0N,36:13:0E
2017-04-23,3.5669999999999997,175.0,7:17:0N,36:13:0E
2017-04-24,4.2989999999999995,175.0,7:17:0N,36:13:0E
2017-04-25,4.706,175.0,7:17:0N,36:13:0E
2017-04-26,4.9430000000000005,175.0,7:17:0N,36:13:0E
2017-04-27,5.062,175.0,7:17:0N,36:13:0E
2017-04-28,4.415,175.0,7:17:0N,36:13:0E
2017-04-29,9.458,175.0,7:17:0N,36:13:0E
2017-04-30,2.867,175.0,7:17:0N,36:13:0E
2018-04-01,1.104,175.0,7:17:0N,36:13:0E
2018-04-02,1.02,175.0,7:17:0N,36:13:0E
2018-04-03,1.02,175.0,7:17:0N,36:13:0E
2018-04-04,0.9790000000000001,175.0,7:17:0N,36:13:0E
2018-04-05,0.9390000000000001,175.0,7:17:0N,36:13:0E
2018-04-06,0.9390000000000001,175.0,7:17:0N,36:13:0E
2018-04-07,0.898,175.0,7:17:0N,36:13:0E
2018-04-08,0.8590000000000001,175.0,7:17:0N,36:13:0E
2018-04-09,0.8590000000000001,175.0,7:17:0N,36:13:0E
2018-04-10,0.78,175.0,7:17:0N,36:13:0E
2018-04-11,0.628,175.0,7:17:0N,36:13:0E
2018-04-12,0.556,175.0,7:17:0N,36:13:0E
2018-04-13,0.485,175.0,7:17:0N,36:13:0E
2018-04-14,0.556,175.0,7:17:0N,36:13:0E
2018-04-15,0.628,175.0,7:17:0N,36:13:0E
2018-04-16,0.703,175.0,7:17:0N,36:13:0E
2018-04-17,0.78,175.0,7:17:0N,36:13:0E
2018-04-18,0.8590000000000001,175.0,7:17:0N,36:13:0E
2018-04-19,0.78,175.0,7:17:0N,36:13:0E
2018-04-20,0.703,175.0,7:17:0N,36:13:0E
2018-04-21,0.703,175.0,7:17:0N,36:13:0E
2018-04-22,0.741,175.0,7:17:0N,36:13:0E
2018-04-23,0.703,175.0,7:17:0N,36:13:0E
2018-04-24,0.6659999999999999,175.0,7:17:0N,36:13:0E
2018-04-25,0.628,175.0,7:17:0N,36:13:0E
2018-04-26,0.628,175.0,7:17:0N,36:13:0E
2018-04-27,0.628,175.0,7:17:0N,36:13:0E
2018-04-28,0.628,175.0,7:17:0N,36:13:0E
2018-04-29,0.628,175.0,7:17:0N,36:13:0E
2018-04-30,0.741,175.0,7:17:0N,36:13:0E
2015-05-01,7.902,175.0,7:17:0N,36:13:0E
2015-05-02,8.101,175.0,7:17:0N,36:13:0E
2015-05-03,8.503,175.0,7:17:0N,36:13:0E
2015-05-04,9.182,175.0,7:17:0N,36:13:0E
2015-05-05,9.735,175.0,7:17:0N,36:13:0E
2015-05-06,9.735,175.0,7:17:0N,36:13:0E
2015-05-07,9.182,175.0,7:17:0N,36:13:0E
2015-05-08,8.503,175.0,7:17:0N,36:13:0E
2015-05-09,7.311,175.0,7:17:0N,36:13:0E
2015-05-10,6.667000000000001,175.0,7:17:0N,36:13:0E
2015-05-11,6.162999999999999,175.0,7:17:0N,36:13:0E
2015-05-12,5.422999999999999,175.0,7:17:0N,36:13:0E
2015-05-13,5.062,175.0,7:17:0N,36:13:0E
2015-05-14,4.706,175.0,7:17:0N,36:13:0E
2015-05-15,4.5889999999999995,175.0,7:17:0N,36:13:0E
2015-05-16,4.5889999999999995,175.0,7:17:0N,36:13:0E
2015-05-17,4.648,175.0,7:17:0N,36:13:0E
2015-05-18,4.706,175.0,7:17:0N,36:13:0E
2015-05-19,4.9430000000000005,175.0,7:17:0N,36:13:0E
2015-05-20,4.883,175.0,7:17:0N,36:13:0E
2015-05-21,4.765,175.0,7:17:0N,36:13:0E
2015-05-22,4.824,175.0,7:17:0N,36:13:0E
2015-05-23,5.062,175.0,7:17:0N,36:13:0E
2015-05-24,5.062,175.0,7:17:0N,36:13:0E
2015-05-25,5.362,175.0,7:17:0N,36:13:0E
2015-05-26,5.667000000000001,175.0,7:17:0N,36:13:0E
2015-05-27,5.545,175.0,7:17:0N,36:13:0E
2015-05-28,5.422999999999999,175.0,7:17:0N,36:13:0E
2015-05-29,5.3020000000000005,175.0,7:17:0N,36:13:0E
2015-05-30,5.182,175.0,7:17:0N,36:13:0E
2015-05-31,5.182,175.0,7:17:0N,36:13:0E
2016-05-01,3.7889999999999997,175.0,7:17:0N,36:13:0E
2016-05-02,11.434000000000001,175.0,7:17:0N,36:13:0E
2016-05-03,10.083,175.0,7:17:0N,36:13:0E
2016-05-04,9.182,175.0,7:17:0N,36:13:0E
2016-05-05,8.368,175.0,7:17:0N,36:13:0E
2016-05-06,8.234,175.0,7:17:0N,36:13:0E
2016-05-07,10.575999999999999,175.0,7:17:0N,36:13:0E
2016-05-08,7.441,175.0,7:17:0N,36:13:0E
2016-05-09,7.836,175.0,7:17:0N,36:13:0E
2016-05-10,10.860999999999999,175.0,7:17:0N,36:13:0E
2016-05-11,10.575999999999999,175.0,7:17:0N,36:13:0E
2016-05-12,8.033999999999999,175.0,7:17:0N,36:13:0E
2016-05-13,5.852,175.0,7:17:0N,36:13:0E
2016-05-14,5.182,175.0,7:17:0N,36:13:0E
2016-05-15,5.362,175.0,7:17:0N,36:13:0E
2016-05-16,5.914,175.0,7:17:0N,36:13:0E
2016-05-17,6.287999999999999,175.0,7:17:0N,36:13:0E
2016-05-18,6.54,175.0,7:17:0N,36:13:0E
2016-05-19,6.667000000000001,175.0,7:17:0N,36:13:0E
2016-05-20,6.667000000000001,175.0,7:17:0N,36:13:0E
2016-05-21,6.731,175.0,7:17:0N,36:13:0E
2016-05-22,7.117000000000001,175.0,7:17:0N,36:13:0E
2016-05-23,7.181,175.0,7:17:0N,36:13:0E
2016-05-24,7.77,175.0,7:17:0N,36:13:0E
2016-05-25,9.045,175.0,7:17:0N,36:13:0E
2016-05-26,12.675,175.0,7:17:0N,36:13:0E
2016-05-27,12.970999999999998,175.0,7:17:0N,36:13:0E
2016-05-28,11.796,175.0,7:17:0N,36:13:0E
2016-05-29,11.075,175.0,7:17:0N,36:13:0E
2016-05-30,9.804,175.0,7:17:0N,36:13:0E
2016-05-31,10.152999999999999,175.0,7:17:0N,36:13:0E
2017-05-01,2.557,175.0,7:17:0N,36:13:0E
2017-05-02,2.305,175.0,7:17:0N,36:13:0E
2017-05-03,1.9140000000000001,175.0,7:17:0N,36:13:0E
2017-05-04,1.7719999999999998,175.0,7:17:0N,36:13:0E
2017-05-05,1.726,175.0,7:17:0N,36:13:0E
2017-05-06,1.633,175.0,7:17:0N,36:13:0E
2017-05-07,1.587,175.0,7:17:0N,36:13:0E
2017-05-08,1.5419999999999998,175.0,7:17:0N,36:13:0E
2017-05-09,1.5419999999999998,175.0,7:17:0N,36:13:0E
2017-05-10,1.5419999999999998,175.0,7:17:0N,36:13:0E
2017-05-11,1.4509999999999998,175.0,7:17:0N,36:13:0E
2017-05-12,1.4509999999999998,175.0,7:17:0N,36:13:0E
2017-05-13,2.92,175.0,7:17:0N,36:13:0E
2017-05-14,4.242,175.0,7:17:0N,36:13:0E
2017-05-15,4.9430000000000005,175.0,7:17:0N,36:13:0E
2017-05-16,5.3020000000000005,175.0,7:17:0N,36:13:0E
2017-05-17,5.062,175.0,7:17:0N,36:13:0E
2017-05-18,4.9430000000000005,175.0,7:17:0N,36:13:0E
2017-05-19,5.062,175.0,7:17:0N,36:13:0E
2017-05-20,5.182,175.0,7:17:0N,36:13:0E
2017-05-21,5.122000000000001,175.0,7:17:0N,36:13:0E
2017-05-22,5.062,175.0,7:17:0N,36:13:0E
2017-05-23,5.062,175.0,7:17:0N,36:13:0E
2017-05-24,4.9430000000000005,175.0,7:17:0N,36:13:0E
2017-05-25,5.182,175.0,7:17:0N,36:13:0E
2017-05-26,5.914,175.0,7:17:0N,36:13:0E
2017-05-27,7.311,175.0,7:17:0N,36:13:0E
2017-05-28,7.507000000000001,175.0,7:17:0N,36:13:0E
2017-05-29,7.836,175.0,7:17:0N,36:13:0E
2017-05-30,7.77,175.0,7:17:0N,36:13:0E
2017-05-31,7.638,175.0,7:17:0N,36:13:0E
2018-05-01,0.78,175.0,7:17:0N,36:13:0E
2018-05-02,0.78,175.0,7:17:0N,36:13:0E
2018-05-03,0.741,175.0,7:17:0N,36:13:0E
2018-05-04,0.6659999999999999,175.0,7:17:0N,36:13:0E
2018-05-05,0.628,175.0,7:17:0N,36:13:0E
2018-05-06,0.628,175.0,7:17:0N,36:13:0E
2018-05-07,0.628,175.0,7:17:0N,36:13:0E
2018-05-08,0.5920000000000001,175.0,7:17:0N,36:13:0E
2018-05-09,0.703,175.0,7:17:0N,36:13:0E
2018-05-10,0.9390000000000001,175.0,7:17:0N,36:13:0E
2018-05-11,1.4069999999999998,175.0,7:17:0N,36:13:0E
2018-05-12,1.962,175.0,7:17:0N,36:13:0E
2018-05-13,2.455,175.0,7:17:0N,36:13:0E
2018-05-14,2.867,175.0,7:17:0N,36:13:0E
2018-05-15,3.2939999999999996,175.0,7:17:0N,36:13:0E
2018-05-16,3.7889999999999997,175.0,7:17:0N,36:13:0E
2018-05-17,4.242,175.0,7:17:0N,36:13:0E
2018-05-18,4.473,175.0,7:17:0N,36:13:0E
2018-05-19,4.473,175.0,7:17:0N,36:13:0E
2018-05-26,4.706,175.0,7:17:0N,36:13:0E
2018-05-27,4.706,175.0,7:17:0N,36:13:0E
2018-05-28,4.242,175.0,7:17:0N,36:13:0E
2018-05-29,4.357,175.0,7:17:0N,36:13:0E
2018-05-30,4.127,175.0,7:17:0N,36:13:0E
2018-05-31,4.127,175.0,7:17:0N,36:13:0E
2015-06-01,5.242000000000001,175.0,7:17:0N,36:13:0E
2015-06-02,5.484,175.0,7:17:0N,36:13:0E
2015-06-03,5.79,175.0,7:17:0N,36:13:0E
2015-06-04,5.79,175.0,7:17:0N,36:13:0E
2015-06-05,5.667000000000001,175.0,7:17:0N,36:13:0E
2015-06-06,5.606,175.0,7:17:0N,36:13:0E
2015-06-07,5.3020000000000005,175.0,7:17:0N,36:13:0E
2015-06-08,5.182,175.0,7:17:0N,36:13:0E
2015-06-09,5.182,175.0,7:17:0N,36:13:0E
2015-06-10,5.122000000000001,175.0,7:17:0N,36:13:0E
2015-06-11,5.422999999999999,175.0,7:17:0N,36:13:0E
2015-06-12,5.545,175.0,7:17:0N,36:13:0E
2015-06-13,5.729,175.0,7:17:0N,36:13:0E
2015-06-14,5.914,175.0,7:17:0N,36:13:0E
2015-06-15,5.914,175.0,7:17:0N,36:13:0E
2015-06-16,5.914,175.0,7:17:0N,36:13:0E
2015-06-17,5.852,175.0,7:17:0N,36:13:0E
2015-06-18,5.79,175.0,7:17:0N,36:13:0E
2015-06-19,5.914,175.0,7:17:0N,36:13:0E
2015-06-20,6.037999999999999,175.0,7:17:0N,36:13:0E
2015-06-21,5.914,175.0,7:17:0N,36:13:0E
2015-06-22,5.976,175.0,7:17:0N,36:13:0E
2015-06-23,6.162999999999999,175.0,7:17:0N,36:13:0E
2015-06-24,6.037999999999999,175.0,7:17:0N,36:13:0E
2015-06-25,6.287999999999999,175.0,7:17:0N,36:13:0E
2015-06-26,6.54,175.0,7:17:0N,36:13:0E
2015-06-27,6.795,175.0,7:17:0N,36:13:0E
2015-06-28,7.0520000000000005,175.0,7:17:0N,36:13:0E
2015-06-29,7.181,175.0,7:17:0N,36:13:0E
2015-06-30,7.246,175.0,7:17:0N,36:13:0E
2016-06-01,10.575999999999999,175.0,7:17:0N,36:13:0E
2016-06-02,10.364,175.0,7:17:0N,36:13:0E
2016-06-03,9.943,175.0,7:17:0N,36:13:0E
2016-06-04,9.113999999999999,175.0,7:17:0N,36:13:0E
2016-06-05,8.503,175.0,7:17:0N,36:13:0E
2016-06-06,8.168,175.0,7:17:0N,36:13:0E
2016-06-07,7.376,175.0,7:17:0N,36:13:0E
2016-06-08,6.667000000000001,175.0,7:17:0N,36:13:0E
2016-06-09,5.667000000000001,175.0,7:17:0N,36:13:0E
2016-06-10,5.002,175.0,7:17:0N,36:13:0E
2016-06-11,4.824,175.0,7:17:0N,36:13:0E
2016-06-12,4.706,175.0,7:17:0N,36:13:0E
2016-06-13,4.531000000000001,175.0,7:17:0N,36:13:0E
2016-06-14,4.415,175.0,7:17:0N,36:13:0E
2016-06-15,4.415,175.0,7:17:0N,36:13:0E
2016-06-16,4.2989999999999995,175.0,7:17:0N,36:13:0E
2016-06-17,4.184,175.0,7:17:0N,36:13:0E
2016-06-18,4.242,175.0,7:17:0N,36:13:0E
2016-06-19,4.357,175.0,7:17:0N,36:13:0E
2016-06-20,4.5889999999999995,175.0,7:17:0N,36:13:0E
2016-06-21,4.824,175.0,7:17:0N,36:13:0E
2016-06-22,5.182,175.0,7:17:0N,36:13:0E
2016-06-23,5.362,175.0,7:17:0N,36:13:0E
2016-06-24,5.484,175.0,7:17:0N,36:13:0E
2016-06-25,5.545,175.0,7:17:0N,36:13:0E
2016-06-26,5.545,175.0,7:17:0N,36:13:0E
2016-06-27,5.422999999999999,175.0,7:17:0N,36:13:0E
2016-06-28,5.182,175.0,7:17:0N,36:13:0E
2016-06-29,5.002,175.0,7:17:0N,36:13:0E
2016-06-30,4.5889999999999995,175.0,7:17:0N,36:13:0E
2017-06-01,7.376,175.0,7:17:0N,36:13:0E
2017-06-02,7.117000000000001,175.0,7:17:0N,36:13:0E
2017-06-03,6.731,175.0,7:17:0N,36:13:0E
2017-06-04,6.414,175.0,7:17:0N,36:13:0E
2017-06-05,6.225,175.0,7:17:0N,36:13:0E
2017-06-06,6.037999999999999,175.0,7:17:0N,36:13:0E
2017-06-07,5.545,175.0,7:17:0N,36:13:0E
2017-06-08,5.182,175.0,7:17:0N,36:13:0E
2017-06-09,4.883,175.0,7:17:0N,36:13:0E
2017-06-10,4.531000000000001,175.0,7:17:0N,36:13:0E
2017-06-11,4.2989999999999995,175.0,7:17:0N,36:13:0E
2017-06-12,4.013999999999999,175.0,7:17:0N,36:13:0E
2017-06-13,3.845,175.0,7:17:0N,36:13:0E
2017-06-14,3.5669999999999997,175.0,7:17:0N,36:13:0E
2017-06-15,3.2939999999999996,175.0,7:17:0N,36:13:0E
2017-06-16,3.1319999999999997,175.0,7:17:0N,36:13:0E
2017-06-17,3.0260000000000002,175.0,7:17:0N,36:13:0E
2017-06-18,2.92,175.0,7:17:0N,36:13:0E
2017-06-19,2.92,175.0,7:17:0N,36:13:0E
2017-06-20,2.867,175.0,7:17:0N,36:13:0E
2017-06-21,2.9730000000000003,175.0,7:17:0N,36:13:0E
2017-06-22,3.512,175.0,7:17:0N,36:13:0E
2017-06-23,4.127,175.0,7:17:0N,36:13:0E
2017-06-24,4.883,175.0,7:17:0N,36:13:0E
2017-06-25,5.422999999999999,175.0,7:17:0N,36:13:0E
2017-06-26,5.667000000000001,175.0,7:17:0N,36:13:0E
2017-06-27,6.162999999999999,175.0,7:17:0N,36:13:0E
2017-06-28,6.414,175.0,7:17:0N,36:13:0E
2017-06-29,6.287999999999999,175.0,7:17:0N,36:13:0E
2017-06-30,6.162999999999999,175.0,7:17:0N,36:13:0E
2018-06-01,4.2989999999999995,175.0,7:17:0N,36:13:0E
2018-06-02,4.415,175.0,7:17:0N,36:13:0E
2018-06-03,4.5889999999999995,175.0,7:17:0N,36:13:0E
2018-06-04,4.824,175.0,7:17:0N,36:13:0E
2018-06-05,4.824,175.0,7:17:0N,36:13:0E
2018-06-06,4.824,175.0,7:17:0N,36:13:0E
2018-06-07,4.9430000000000005,175.0,7:17:0N,36:13:0E
2018-06-08,5.182,175.0,7:17:0N,36:13:0E
2018-06-09,5.242000000000001,175.0,7:17:0N,36:13:0E
2018-06-10,5.3020000000000005,175.0,7:17:0N,36:13:0E
2018-06-11,5.182,175.0,7:17:0N,36:13:0E
2018-06-12,5.182,175.0,7:17:0N,36:13:0E
2018-06-13,5.062,175.0,7:17:0N,36:13:0E
2018-06-14,4.357,175.0,7:17:0N,36:13:0E
2018-06-15,3.3480000000000003,175.0,7:17:0N,36:13:0E
2018-06-16,2.255,175.0,7:17:0N,36:13:0E
2018-06-17,1.726,175.0,7:17:0N,36:13:0E
2018-06-18,4.5889999999999995,175.0,7:17:0N,36:13:0E
2018-06-19,10.575999999999999,175.0,7:17:0N,36:13:0E
2018-06-20,11.003,175.0,7:17:0N,36:13:0E
2018-06-21,10.789000000000001,175.0,7:17:0N,36:13:0E
2018-06-22,10.435,175.0,7:17:0N,36:13:0E
2018-06-23,9.804,175.0,7:17:0N,36:13:0E
2018-06-24,9.665,175.0,7:17:0N,36:13:0E
2018-06-25,9.458,175.0,7:17:0N,36:13:0E
2018-06-26,9.182,175.0,7:17:0N,36:13:0E
2018-06-27,8.773,175.0,7:17:0N,36:13:0E
2018-06-28,8.368,175.0,7:17:0N,36:13:0E
2018-06-29,7.968,175.0,7:17:0N,36:13:0E
2018-06-30,7.77,175.0,7:17:0N,36:13:0E
2015-07-01,7.836,175.0,7:17:0N,36:13:0E
2015-07-02,8.705,175.0,7:17:0N,36:13:0E
2015-07-03,9.113999999999999,175.0,7:17:0N,36:13:0E
2015-07-04,9.113999999999999,175.0,7:17:0N,36:13:0E
2015-07-05,8.977,175.0,7:17:0N,36:13:0E
2015-07-06,8.638,175.0,7:17:0N,36:13:0E
2015-07-07,8.436,175.0,7:17:0N,36:13:0E
2015-07-08,8.234,175.0,7:17:0N,36:13:0E
2015-07-09,7.836,175.0,7:17:0N,36:13:0E
2015-07-10,7.77,175.0,7:17:0N,36:13:0E
2015-07-11,7.311,175.0,7:17:0N,36:13:0E
2015-07-12,7.0520000000000005,175.0,7:17:0N,36:13:0E
2015-07-13,6.922999999999999,175.0,7:17:0N,36:13:0E
2015-07-14,6.859,175.0,7:17:0N,36:13:0E
2015-07-15,6.795,175.0,7:17:0N,36:13:0E
2015-07-16,6.604,175.0,7:17:0N,36:13:0E
2015-07-17,6.477,175.0,7:17:0N,36:13:0E
2015-07-18,6.162999999999999,175.0,7:17:0N,36:13:0E
2015-07-19,5.79,175.0,7:17:0N,36:13:0E
2015-07-20,5.484,175.0,7:17:0N,36:13:0E
2015-07-21,5.3020000000000005,175.0,7:17:0N,36:13:0E
2015-07-22,5.182,175.0,7:17:0N,36:13:0E
2015-07-23,5.3020000000000005,175.0,7:17:0N,36:13:0E
2015-07-24,5.422999999999999,175.0,7:17:0N,36:13:0E
2015-07-25,5.362,175.0,7:17:0N,36:13:0E
2015-07-26,5.3020000000000005,175.0,7:17:0N,36:13:0E
2015-07-27,5.362,175.0,7:17:0N,36:13:0E
2015-07-28,5.3020000000000005,175.0,7:17:0N,36:13:0E
2015-07-29,5.3020000000000005,175.0,7:17:0N,36:13:0E
2015-07-30,5.182,175.0,7:17:0N,36:13:0E
2015-07-31,5.122000000000001,175.0,7:17:0N,36:13:0E
2016-07-01,4.184,175.0,7:17:0N,36:13:0E
2016-07-02,4.013999999999999,175.0,7:17:0N,36:13:0E
2016-07-03,4.357,175.0,7:17:0N,36:13:0E
2016-07-04,5.242000000000001,175.0,7:17:0N,36:13:0E
2016-07-05,6.287999999999999,175.0,7:17:0N,36:13:0E
2016-07-06,8.503,175.0,7:17:0N,36:13:0E
2016-07-07,10.294,175.0,7:17:0N,36:13:0E
2016-07-12,14.857000000000001,175.0,7:17:0N,36:13:0E
2016-07-13,12.234000000000002,175.0,7:17:0N,36:13:0E
2016-07-14,11.003,175.0,7:17:0N,36:13:0E
2016-07-15,10.083,175.0,7:17:0N,36:13:0E
2016-07-16,9.045,175.0,7:17:0N,36:13:0E
2016-07-17,8.368,175.0,7:17:0N,36:13:0E
2016-07-18,7.902,175.0,7:17:0N,36:13:0E
2016-07-19,7.311,175.0,7:17:0N,36:13:0E
2016-07-20,6.162999999999999,175.0,7:17:0N,36:13:0E
2016-07-21,5.242000000000001,175.0,7:17:0N,36:13:0E
2016-07-22,4.648,175.0,7:17:0N,36:13:0E
2016-07-23,4.473,175.0,7:17:0N,36:13:0E
2016-07-24,4.415,175.0,7:17:0N,36:13:0E
2016-07-25,4.473,175.0,7:17:0N,36:13:0E
2016-07-26,4.5889999999999995,175.0,7:17:0N,36:13:0E
2016-07-27,4.824,175.0,7:17:0N,36:13:0E
2016-07-28,4.9430000000000005,175.0,7:17:0N,36:13:0E
2016-07-29,4.706,175.0,7:17:0N,36:13:0E
2016-07-30,4.648,175.0,7:17:0N,36:13:0E
2016-07-31,4.648,175.0,7:17:0N,36:13:0E
2017-07-01,5.914,175.0,7:17:0N,36:13:0E
2017-07-02,5.545,175.0,7:17:0N,36:13:0E
2017-07-03,5.062,175.0,7:17:0N,36:13:0E
2017-07-04,4.5889999999999995,175.0,7:17:0N,36:13:0E
2017-07-05,4.013999999999999,175.0,7:17:0N,36:13:0E
2017-07-06,3.0260000000000002,175.0,7:17:0N,36:13:0E
2017-07-07,2.763,175.0,7:17:0N,36:13:0E
2017-07-08,2.7110000000000003,175.0,7:17:0N,36:13:0E
2017-07-09,2.867,175.0,7:17:0N,36:13:0E
2017-07-10,2.815,175.0,7:17:0N,36:13:0E
2017-07-11,2.815,175.0,7:17:0N,36:13:0E
2017-07-12,2.867,175.0,7:17:0N,36:13:0E
2017-07-13,3.0260000000000002,175.0,7:17:0N,36:13:0E
2017-07-14,2.867,175.0,7:17:0N,36:13:0E
2017-07-15,2.815,175.0,7:17:0N,36:13:0E
2017-07-16,2.92,175.0,7:17:0N,36:13:0E
2017-07-17,2.867,175.0,7:17:0N,36:13:0E
2017-07-18,2.92,175.0,7:17:0N,36:13:0E
2017-07-19,2.92,175.0,7:17:0N,36:13:0E
2017-07-20,2.763,175.0,7:17:0N,36:13:0E
2017-07-21,2.608,175.0,7:17:0N,36:13:0E
2017-07-22,2.506,175.0,7:17:0N,36:13:0E
2017-07-23,2.405,175.0,7:17:0N,36:13:0E
2017-07-24,2.455,175.0,7:17:0N,36:13:0E
2017-07-25,2.66,175.0,7:17:0N,36:13:0E
2017-07-26,2.763,175.0,7:17:0N,36:13:0E
2017-07-27,2.7110000000000003,175.0,7:17:0N,36:13:0E
2017-07-28,2.66,175.0,7:17:0N,36:13:0E
2017-07-29,2.608,175.0,7:17:0N,36:13:0E
2017-07-30,2.506,175.0,7:17:0N,36:13:0E
2017-07-31,2.405,175.0,7:17:0N,36:13:0E
2018-07-01,7.572,175.0,7:17:0N,36:13:0E
2018-07-02,7.441,175.0,7:17:0N,36:13:0E
2018-07-03,7.0520000000000005,175.0,7:17:0N,36:13:0E
2018-07-04,6.667000000000001,175.0,7:17:0N,36:13:0E
2018-07-05,6.414,175.0,7:17:0N,36:13:0E
2018-07-06,6.1,175.0,7:17:0N,36:13:0E
2018-07-07,5.976,175.0,7:17:0N,36:13:0E
2018-07-08,5.79,175.0,7:17:0N,36:13:0E
2018-07-09,5.667000000000001,175.0,7:17:0N,36:13:0E
2018-07-10,5.545,175.0,7:17:0N,36:13:0E
2018-07-11,5.422999999999999,175.0,7:17:0N,36:13:0E
2018-07-12,5.3020000000000005,175.0,7:17:0N,36:13:0E
2018-07-13,5.122000000000001,175.0,7:17:0N,36:13:0E
2018-07-14,5.002,175.0,7:17:0N,36:13:0E
2018-07-15,4.824,175.0,7:17:0N,36:13:0E
2018-07-16,4.706,175.0,7:17:0N,36:13:0E
2018-07-17,4.5889999999999995,175.0,7:17:0N,36:13:0E
2018-07-18,4.2989999999999995,175.0,7:17:0N,36:13:0E
2018-07-19,4.127,175.0,7:17:0N,36:13:0E
2018-07-20,4.013999999999999,175.0,7:17:0N,36:13:0E
2018-07-21,4.07,175.0,7:17:0N,36:13:0E
2018-07-22,4.127,175.0,7:17:0N,36:13:0E
2018-07-23,4.242,175.0,7:17:0N,36:13:0E
2018-07-24,4.357,175.0,7:17:0N,36:13:0E
2018-07-25,4.473,175.0,7:17:0N,36:13:0E
2018-07-26,4.473,175.0,7:17:0N,36:13:0E
2018-07-27,4.531000000000001,175.0,7:17:0N,36:13:0E
2018-07-28,4.531000000000001,175.0,7:17:0N,36:13:0E
2018-07-29,4.5889999999999995,175.0,7:17:0N,36:13:0E
2018-07-30,4.706,175.0,7:17:0N,36:13:0E
2018-07-31,4.765,175.0,7:17:0N,36:13:0E
2015-08-01,5.062,175.0,7:17:0N,36:13:0E
2015-08-02,5.062,175.0,7:17:0N,36:13:0E
2015-08-03,4.883,175.0,7:17:0N,36:13:0E
2015-08-04,4.824,175.0,7:17:0N,36:13:0E
2015-08-05,4.5889999999999995,175.0,7:17:0N,36:13:0E
2015-08-06,4.357,175.0,7:17:0N,36:13:0E
2015-08-07,4.242,175.0,7:17:0N,36:13:0E
2015-08-08,4.242,175.0,7:17:0N,36:13:0E
2015-08-09,4.184,175.0,7:17:0N,36:13:0E
2015-08-10,4.127,175.0,7:17:0N,36:13:0E
2015-08-11,4.013999999999999,175.0,7:17:0N,36:13:0E
2015-08-12,4.013999999999999,175.0,7:17:0N,36:13:0E
2015-08-13,3.9010000000000002,175.0,7:17:0N,36:13:0E
2015-08-14,3.7889999999999997,175.0,7:17:0N,36:13:0E
2015-08-15,3.733,175.0,7:17:0N,36:13:0E
2015-08-16,3.733,175.0,7:17:0N,36:13:0E
2015-08-17,3.677,175.0,7:17:0N,36:13:0E
2015-08-18,3.677,175.0,7:17:0N,36:13:0E
2015-08-19,3.622,175.0,7:17:0N,36:13:0E
2015-08-20,3.5669999999999997,175.0,7:17:0N,36:13:0E
2015-08-21,3.5669999999999997,175.0,7:17:0N,36:13:0E
2015-08-22,3.677,175.0,7:17:0N,36:13:0E
2015-08-23,3.677,175.0,7:17:0N,36:13:0E
2015-08-24,3.622,175.0,7:17:0N,36:13:0E
2015-08-25,3.677,175.0,7:17:0N,36:13:0E
2015-08-26,3.622,175.0,7:17:0N,36:13:0E
2015-08-27,3.677,175.0,7:17:0N,36:13:0E
2015-08-28,3.7889999999999997,175.0,7:17:0N,36:13:0E
2015-08-29,3.733,175.0,7:17:0N,36:13:0E
2015-08-30,3.7889999999999997,175.0,7:17:0N,36:13:0E
2015-08-31,3.957,175.0,7:17:0N,36:13:0E
2016-08-01,4.648,175.0,7:17:0N,36:13:0E
2016-08-02,4.5889999999999995,175.0,7:17:0N,36:13:0E
2016-08-03,4.5889999999999995,175.0,7:17:0N,36:13:0E
2016-08-04,4.473,175.0,7:17:0N,36:13:0E
2016-08-05,4.415,175.0,7:17:0N,36:13:0E
2016-08-06,4.357,175.0,7:17:0N,36:13:0E
2016-08-07,4.242,175.0,7:17:0N,36:13:0E
2016-08-08,4.242,175.0,7:17:0N,36:13:0E
2016-08-09,4.013999999999999,175.0,7:17:0N,36:13:0E
2016-08-10,3.7889999999999997,175.0,7:17:0N,36:13:0E
2016-08-11,3.3480000000000003,175.0,7:17:0N,36:13:0E
2016-08-12,3.0260000000000002,175.0,7:17:0N,36:13:0E
2016-08-13,2.9730000000000003,175.0,7:17:0N,36:13:0E
2016-08-14,2.867,175.0,7:17:0N,36:13:0E
2016-08-15,2.7110000000000003,175.0,7:17:0N,36:13:0E
2016-08-16,2.405,175.0,7:17:0N,36:13:0E
2016-08-17,2.156,175.0,7:17:0N,36:13:0E
2016-08-18,2.108,175.0,7:17:0N,36:13:0E
2016-08-19,2.01,175.0,7:17:0N,36:13:0E
2016-08-20,1.9140000000000001,175.0,7:17:0N,36:13:0E
2016-08-21,2.206,175.0,7:17:0N,36:13:0E
2016-08-22,2.506,175.0,7:17:0N,36:13:0E
2016-08-23,2.92,175.0,7:17:0N,36:13:0E
2016-08-24,3.2939999999999996,175.0,7:17:0N,36:13:0E
2016-08-25,3.677,175.0,7:17:0N,36:13:0E
2016-08-26,3.7889999999999997,175.0,7:17:0N,36:13:0E
2016-08-27,3.677,175.0,7:17:0N,36:13:0E
2016-08-28,3.677,175.0,7:17:0N,36:13:0E
2016-08-29,3.7889999999999997,175.0,7:17:0N,36:13:0E
2016-08-30,3.677,175.0,7:17:0N,36:13:0E
2016-08-31,3.5669999999999997,175.0,7:17:0N,36:13:0E
2017-08-01,2.455,175.0,7:17:0N,36:13:0E
2017-08-02,2.557,175.0,7:17:0N,36:13:0E
2017-08-03,2.405,175.0,7:17:0N,36:13:0E
2017-08-04,2.405,175.0,7:17:0N,36:13:0E
2017-08-05,2.405,175.0,7:17:0N,36:13:0E
2017-08-06,2.608,175.0,7:17:0N,36:13:0E
2017-08-07,2.455,175.0,7:17:0N,36:13:0E
2017-08-08,2.506,175.0,7:17:0N,36:13:0E
2017-08-09,2.66,175.0,7:17:0N,36:13:0E
2017-08-10,2.506,175.0,7:17:0N,36:13:0E
2017-08-11,3.0260000000000002,175.0,7:17:0N,36:13:0E
2017-08-12,3.3480000000000003,175.0,7:17:0N,36:13:0E
2017-08-13,3.733,175.0,7:17:0N,36:13:0E
2017-08-14,4.242,175.0,7:17:0N,36:13:0E
2017-08-15,4.706,175.0,7:17:0N,36:13:0E
2017-08-16,5.422999999999999,175.0,7:17:0N,36:13:0E
2017-08-17,5.484,175.0,7:17:0N,36:13:0E
2017-08-18,5.484,175.0,7:17:0N,36:13:0E
2017-08-19,5.362,175.0,7:17:0N,36:13:0E
2017-08-20,5.667000000000001,175.0,7:17:0N,36:13:0E
2017-08-21,6.351,175.0,7:17:0N,36:13:0E
2017-08-22,6.795,175.0,7:17:0N,36:13:0E
2017-08-23,7.311,175.0,7:17:0N,36:13:0E
2017-08-24,7.181,175.0,7:17:0N,36:13:0E
2017-08-25,7.376,175.0,7:17:0N,36:13:0E
2017-08-26,7.181,175.0,7:17:0N,36:13:0E
2017-08-27,6.9879999999999995,175.0,7:17:0N,36:13:0E
2017-08-28,6.667000000000001,175.0,7:17:0N,36:13:0E
2017-08-29,6.414,175.0,7:17:0N,36:13:0E
2017-08-30,6.667000000000001,175.0,7:17:0N,36:13:0E
2017-08-31,6.9879999999999995,175.0,7:17:0N,36:13:0E
2018-08-01,4.706,175.0,7:17:0N,36:13:0E
2018-08-02,5.667000000000001,175.0,7:17:0N,36:13:0E
2018-08-03,7.181,175.0,7:17:0N,36:13:0E
2018-08-04,7.704,175.0,7:17:0N,36:13:0E
2018-08-05,7.704,175.0,7:17:0N,36:13:0E
2018-08-06,7.836,175.0,7:17:0N,36:13:0E
2018-08-07,7.704,175.0,7:17:0N,36:13:0E
2018-08-08,7.572,175.0,7:17:0N,36:13:0E
2018-08-09,7.704,175.0,7:17:0N,36:13:0E
2018-08-10,7.704,175.0,7:17:0N,36:13:0E
2018-08-11,7.572,175.0,7:17:0N,36:13:0E
2018-08-12,7.441,175.0,7:17:0N,36:13:0E
2018-08-13,7.572,175.0,7:17:0N,36:13:0E
2018-08-14,7.441,175.0,7:17:0N,36:13:0E
2018-08-15,7.181,175.0,7:17:0N,36:13:0E
2018-08-16,7.181,175.0,7:17:0N,36:13:0E
2018-08-17,7.507000000000001,175.0,7:17:0N,36:13:0E
2018-08-18,7.704,175.0,7:17:0N,36:13:0E
2018-08-19,7.836,175.0,7:17:0N,36:13:0E
2018-08-20,7.968,175.0,7:17:0N,36:13:0E
2018-08-21,8.368,175.0,7:17:0N,36:13:0E
2018-08-22,9.045,175.0,7:17:0N,36:13:0E
2018-08-23,9.045,175.0,7:17:0N,36:13:0E
2018-08-24,9.458,175.0,7:17:0N,36:13:0E
2018-08-25,9.804,175.0,7:17:0N,36:13:0E
2018-08-26,10.013,175.0,7:17:0N,36:13:0E
2018-08-27,9.735,175.0,7:17:0N,36:13:0E
2018-08-28,9.874,175.0,7:17:0N,36:13:0E
2018-08-29,10.013,175.0,7:17:0N,36:13:0E
2018-08-30,9.596,175.0,7:17:0N,36:13:0E
2018-08-31,9.251,175.0,7:17:0N,36:13:0E
2015-09-01,3.9010000000000002,175.0,7:17:0N,36:13:0E
2015-09-02,4.013999999999999,175.0,7:17:0N,36:13:0E
2015-09-03,4.127,175.0,7:17:0N,36:13:0E
2015-09-04,4.2989999999999995,175.0,7:17:0N,36:13:0E
2015-09-05,4.357,175.0,7:17:0N,36:13:0E
2015-09-06,4.415,175.0,7:17:0N,36:13:0E
2015-09-07,4.5889999999999995,175.0,7:17:0N,36:13:0E
2015-09-08,4.5889999999999995,175.0,7:17:0N,36:13:0E
2015-09-09,4.5889999999999995,175.0,7:17:0N,36:13:0E
2015-09-10,4.706,175.0,7:17:0N,36:13:0E
2015-09-11,4.824,175.0,7:17:0N,36:13:0E
2015-09-12,4.824,175.0,7:17:0N,36:13:0E
2015-09-13,4.9430000000000005,175.0,7:17:0N,36:13:0E
2015-09-14,5.062,175.0,7:17:0N,36:13:0E
2015-09-15,5.182,175.0,7:17:0N,36:13:0E
2015-09-16,5.242000000000001,175.0,7:17:0N,36:13:0E
2015-09-17,5.182,175.0,7:17:0N,36:13:0E
2015-09-18,5.062,175.0,7:17:0N,36:13:0E
2015-09-19,4.9430000000000005,175.0,7:17:0N,36:13:0E
2015-09-20,5.002,175.0,7:17:0N,36:13:0E
2015-09-21,5.182,175.0,7:17:0N,36:13:0E
2015-09-22,5.422999999999999,175.0,7:17:0N,36:13:0E
2015-09-23,5.3020000000000005,175.0,7:17:0N,36:13:0E
2015-09-24,5.3020000000000005,175.0,7:17:0N,36:13:0E
2015-09-25,5.3020000000000005,175.0,7:17:0N,36:13:0E
2015-09-26,5.3020000000000005,175.0,7:17:0N,36:13:0E
2015-09-27,5.182,175.0,7:17:0N,36:13:0E
2015-09-28,5.242000000000001,175.0,7:17:0N,36:13:0E
2015-09-29,5.422999999999999,175.0,7:17:0N,36:13:0E
2015-09-30,5.422999999999999,175.0,7:17:0N,36:13:0E
2016-09-01,3.622,175.0,7:17:0N,36:13:0E
2016-09-02,3.677,175.0,7:17:0N,36:13:0E
2016-09-03,3.5669999999999997,175.0,7:17:0N,36:13:0E
2016-09-04,3.4019999999999997,175.0,7:17:0N,36:13:0E
2016-09-05,3.24,175.0,7:17:0N,36:13:0E
2016-09-06,3.1319999999999997,175.0,7:17:0N,36:13:0E
2016-09-07,2.815,175.0,7:17:0N,36:13:0E
2016-09-08,2.608,175.0,7:17:0N,36:13:0E
2016-09-09,2.455,175.0,7:17:0N,36:13:0E
2016-09-10,2.405,175.0,7:17:0N,36:13:0E
2016-09-11,2.455,175.0,7:17:0N,36:13:0E
2016-09-12,2.506,175.0,7:17:0N,36:13:0E
2016-09-13,2.7110000000000003,175.0,7:17:0N,36:13:0E
2016-09-14,2.7110000000000003,175.0,7:17:0N,36:13:0E
2016-09-15,2.305,175.0,7:17:0N,36:13:0E
2016-09-16,2.156,175.0,7:17:0N,36:13:0E
2016-09-17,2.059,175.0,7:17:0N,36:13:0E
2016-09-18,2.01,175.0,7:17:0N,36:13:0E
2016-09-19,1.9140000000000001,175.0,7:17:0N,36:13:0E
2016-09-20,1.819,175.0,7:17:0N,36:13:0E
2016-09-21,1.867,175.0,7:17:0N,36:13:0E
2016-09-22,2.108,175.0,7:17:0N,36:13:0E
2016-09-23,2.206,175.0,7:17:0N,36:13:0E
2016-09-24,2.405,175.0,7:17:0N,36:13:0E
2016-09-25,2.557,175.0,7:17:0N,36:13:0E
2016-09-26,2.66,175.0,7:17:0N,36:13:0E
2016-09-27,2.815,175.0,7:17:0N,36:13:0E
2016-09-28,2.815,175.0,7:17:0N,36:13:0E
2016-09-29,2.815,175.0,7:17:0N,36:13:0E
2016-09-30,2.92,175.0,7:17:0N,36:13:0E
2017-09-01,6.859,175.0,7:17:0N,36:13:0E
2017-09-02,6.731,175.0,7:17:0N,36:13:0E
2017-09-03,6.414,175.0,7:17:0N,36:13:0E
2017-09-04,6.54,175.0,7:17:0N,36:13:0E
2017-09-05,6.287999999999999,175.0,7:17:0N,36:13:0E
2017-09-06,6.1,175.0,7:17:0N,36:13:0E
2017-09-07,6.162999999999999,175.0,7:17:0N,36:13:0E
2017-09-08,5.914,175.0,7:17:0N,36:13:0E
2017-09-09,5.914,175.0,7:17:0N,36:13:0E
2017-09-10,5.79,175.0,7:17:0N,36:13:0E
2017-09-11,5.79,175.0,7:17:0N,36:13:0E
2017-09-12,5.914,175.0,7:17:0N,36:13:0E
2017-09-13,5.976,175.0,7:17:0N,36:13:0E
2017-09-14,6.225,175.0,7:17:0N,36:13:0E
2017-09-15,6.287999999999999,175.0,7:17:0N,36:13:0E
2017-09-16,6.54,175.0,7:17:0N,36:13:0E
2017-09-17,6.795,175.0,7:17:0N,36:13:0E
2017-09-18,7.376,175.0,7:17:0N,36:13:0E
2017-09-19,7.836,175.0,7:17:0N,36:13:0E
2017-09-20,8.033999999999999,175.0,7:17:0N,36:13:0E
2017-09-21,7.902,175.0,7:17:0N,36:13:0E
2017-09-22,7.77,175.0,7:17:0N,36:13:0E
2017-09-23,7.572,175.0,7:17:0N,36:13:0E
2017-09-24,7.572,175.0,7:17:0N,36:13:0E
2017-09-25,7.968,175.0,7:17:0N,36:13:0E
2017-09-26,8.368,175.0,7:17:0N,36:13:0E
2017-09-27,8.234,175.0,7:17:0N,36:13:0E
2017-09-28,8.234,175.0,7:17:0N,36:13:0E
2017-09-29,7.441,175.0,7:17:0N,36:13:0E
2017-09-30,6.731,175.0,7:17:0N,36:13:0E
2018-09-01,8.773,175.0,7:17:0N,36:13:0E
2018-09-02,8.168,175.0,7:17:0N,36:13:0E
2018-09-03,7.638,175.0,7:17:0N,36:13:0E
2018-09-04,7.311,175.0,7:17:0N,36:13:0E
2018-09-05,6.859,175.0,7:17:0N,36:13:0E
2018-09-06,6.477,175.0,7:17:0N,36:13:0E
2018-09-07,6.037999999999999,175.0,7:17:0N,36:13:0E
2018-09-08,5.545,175.0,7:17:0N,36:13:0E
2018-09-09,5.002,175.0,7:17:0N,36:13:0E
2018-09-10,4.2989999999999995,175.0,7:17:0N,36:13:0E
2018-09-11,3.622,175.0,7:17:0N,36:13:0E
2018-09-12,3.4019999999999997,175.0,7:17:0N,36:13:0E
2018-09-13,3.3480000000000003,175.0,7:17:0N,36:13:0E
2018-09-14,3.5669999999999997,175.0,7:17:0N,36:13:0E
2018-09-15,3.3480000000000003,175.0,7:17:0N,36:13:0E
2018-09-16,3.3480000000000003,175.0,7:17:0N,36:13:0E
2018-09-17,3.5669999999999997,175.0,7:17:0N,36:13:0E
2018-09-18,3.512,175.0,7:17:0N,36:13:0E
2018-09-19,3.457,175.0,7:17:0N,36:13:0E
2018-09-20,3.457,175.0,7:17:0N,36:13:0E
2018-09-21,3.3480000000000003,175.0,7:17:0N,36:13:0E
2018-09-22,3.3480000000000003,175.0,7:17:0N,36:13:0E
2018-09-23,3.1319999999999997,175.0,7:17:0N,36:13:0E
2018-09-24,3.0260000000000002,175.0,7:17:0N,36:13:0E
2018-09-25,2.867,175.0,7:17:0N,36:13:0E
2018-09-26,2.7110000000000003,175.0,7:17:0N,36:13:0E
2018-09-27,2.355,175.0,7:17:0N,36:13:0E
2018-09-28,2.059,175.0,7:17:0N,36:13:0E
2018-09-29,1.633,175.0,7:17:0N,36:13:0E
2018-09-30,1.319,175.0,7:17:0N,36:13:0E
2015-10-01,5.3020000000000005,175.0,7:17:0N,36:13:0E
2015-10-02,5.182,175.0,7:17:0N,36:13:0E
2015-10-03,5.3020000000000005,175.0,7:17:0N,36:13:0E
2015-10-04,5.362,175.0,7:17:0N,36:13:0E
2015-10-05,5.422999999999999,175.0,7:17:0N,36:13:0E
2015-10-06,5.422999999999999,175.0,7:17:0N,36:13:0E
2015-10-07,5.422999999999999,175.0,7:17:0N,36:13:0E
2015-10-08,5.422999999999999,175.0,7:17:0N,36:13:0E
2015-10-09,5.545,175.0,7:17:0N,36:13:0E
2015-10-10,5.545,175.0,7:17:0N,36:13:0E
2015-10-11,5.667000000000001,175.0,7:17:0N,36:13:0E
2015-10-12,5.852,175.0,7:17:0N,36:13:0E
2015-10-13,5.545,175.0,7:17:0N,36:13:0E
2015-10-14,5.182,175.0,7:17:0N,36:13:0E
2015-10-15,4.824,175.0,7:17:0N,36:13:0E
2015-10-16,4.473,175.0,7:17:0N,36:13:0E
2015-10-17,4.013999999999999,175.0,7:17:0N,36:13:0E
2015-10-18,3.457,175.0,7:17:0N,36:13:0E
2015-10-19,2.815,175.0,7:17:0N,36:13:0E
2015-10-20,2.506,175.0,7:17:0N,36:13:0E
2015-10-21,2.455,175.0,7:17:0N,36:13:0E
2015-10-22,2.405,175.0,7:17:0N,36:13:0E
2015-10-23,2.405,175.0,7:17:0N,36:13:0E
2015-10-24,2.455,175.0,7:17:0N,36:13:0E
2015-10-25,2.405,175.0,7:17:0N,36:13:0E
2015-10-26,2.405,175.0,7:17:0N,36:13:0E
2015-10-27,2.108,175.0,7:17:0N,36:13:0E
2015-10-28,2.305,175.0,7:17:0N,36:13:0E
2015-10-29,2.506,175.0,7:17:0N,36:13:0E
2015-10-30,2.608,175.0,7:17:0N,36:13:0E
2015-10-31,2.7110000000000003,175.0,7:17:0N,36:13:0E
2016-10-01,3.24,175.0,7:17:0N,36:13:0E
2016-10-02,3.1319999999999997,175.0,7:17:0N,36:13:0E
2016-10-03,2.92,175.0,7:17:0N,36:13:0E
2016-10-04,2.867,175.0,7:17:0N,36:13:0E
2016-10-05,2.763,175.0,7:17:0N,36:13:0E
2016-10-06,2.608,175.0,7:17:0N,36:13:0E
2016-10-07,2.405,175.0,7:17:0N,36:13:0E
2016-10-08,2.405,175.0,7:17:0N,36:13:0E
2016-10-09,2.608,175.0,7:17:0N,36:13:0E
2016-10-10,2.92,175.0,7:17:0N,36:13:0E
2016-10-11,3.1319999999999997,175.0,7:17:0N,36:13:0E
2016-10-12,3.457,175.0,7:17:0N,36:13:0E
2016-10-13,3.622,175.0,7:17:0N,36:13:0E
2016-10-14,3.7889999999999997,175.0,7:17:0N,36:13:0E
2016-10-15,3.957,175.0,7:17:0N,36:13:0E
2016-10-16,4.013999999999999,175.0,7:17:0N,36:13:0E
2016-10-17,4.184,175.0,7:17:0N,36:13:0E
2016-10-18,4.242,175.0,7:17:0N,36:13:0E
2016-10-19,4.242,175.0,7:17:0N,36:13:0E
2016-10-20,4.2989999999999995,175.0,7:17:0N,36:13:0E
2016-10-21,4.242,175.0,7:17:0N,36:13:0E
2016-10-22,4.357,175.0,7:17:0N,36:13:0E
2016-10-23,4.473,175.0,7:17:0N,36:13:0E
2016-10-24,4.5889999999999995,175.0,7:17:0N,36:13:0E
2016-10-25,4.531000000000001,175.0,7:17:0N,36:13:0E
2016-10-26,4.5889999999999995,175.0,7:17:0N,36:13:0E
2016-10-27,4.5889999999999995,175.0,7:17:0N,36:13:0E
2016-10-28,4.473,175.0,7:17:0N,36:13:0E
2016-10-29,4.531000000000001,175.0,7:17:0N,36:13:0E
2016-10-30,3.9010000000000002,175.0,7:17:0N,36:13:0E
2016-10-31,3.5669999999999997,175.0,7:17:0N,36:13:0E
2017-10-01,6.414,175.0,7:17:0N,36:13:0E
2017-10-02,5.852,175.0,7:17:0N,36:13:0E
2017-10-03,5.242000000000001,175.0,7:17:0N,36:13:0E
2017-10-04,4.824,175.0,7:17:0N,36:13:0E
2017-10-05,4.765,175.0,7:17:0N,36:13:0E
2017-10-06,4.706,175.0,7:17:0N,36:13:0E
2017-10-07,4.531000000000001,175.0,7:17:0N,36:13:0E
2017-10-08,4.5889999999999995,175.0,7:17:0N,36:13:0E
2017-10-09,4.5889999999999995,175.0,7:17:0N,36:13:0E
2017-10-10,4.531000000000001,175.0,7:17:0N,36:13:0E
2017-10-11,4.473,175.0,7:17:0N,36:13:0E
2017-10-12,4.415,175.0,7:17:0N,36:13:0E
2017-10-13,4.5889999999999995,175.0,7:17:0N,36:13:0E
2017-10-14,4.824,175.0,7:17:0N,36:13:0E
2017-10-15,4.824,175.0,7:17:0N,36:13:0E
2017-10-16,4.706,175.0,7:17:0N,36:13:0E
2017-10-17,4.531000000000001,175.0,7:17:0N,36:13:0E
2017-10-18,4.473,175.0,7:17:0N,36:13:0E
2017-10-19,4.242,175.0,7:17:0N,36:13:0E
2017-10-20,4.184,175.0,7:17:0N,36:13:0E
2017-10-21,4.127,175.0,7:17:0N,36:13:0E
2017-10-22,4.013999999999999,175.0,7:17:0N,36:13:0E
2017-10-23,3.9010000000000002,175.0,7:17:0N,36:13:0E
2017-10-24,3.7889999999999997,175.0,7:17:0N,36:13:0E
2017-10-25,3.7889999999999997,175.0,7:17:0N,36:13:0E
2017-10-26,3.733,175.0,7:17:0N,36:13:0E
2017-10-27,3.677,175.0,7:17:0N,36:13:0E
2017-10-28,3.845,175.0,7:17:0N,36:13:0E
2017-10-29,3.7889999999999997,175.0,7:17:0N,36:13:0E
2017-10-30,3.677,175.0,7:17:0N,36:13:0E
2017-10-31,3.512,175.0,7:17:0N,36:13:0E
2018-10-01,1.189,175.0,7:17:0N,36:13:0E
2018-10-02,1.146,175.0,7:17:0N,36:13:0E
2018-10-03,1.104,175.0,7:17:0N,36:13:0E
2018-10-04,1.062,175.0,7:17:0N,36:13:0E
2018-10-05,1.104,175.0,7:17:0N,36:13:0E
2018-10-06,1.02,175.0,7:17:0N,36:13:0E
2018-10-07,1.146,175.0,7:17:0N,36:13:0E
2018-10-08,1.232,175.0,7:17:0N,36:13:0E
2018-10-09,1.275,175.0,7:17:0N,36:13:0E
2018-10-10,1.232,175.0,7:17:0N,36:13:0E
2018-10-11,1.319,175.0,7:17:0N,36:13:0E
2018-10-12,1.319,175.0,7:17:0N,36:13:0E
2018-10-13,1.3619999999999999,175.0,7:17:0N,36:13:0E
2018-10-14,1.4509999999999998,175.0,7:17:0N,36:13:0E
2018-10-15,1.633,175.0,7:17:0N,36:13:0E
2015-11-01,2.815,175.0,7:17:0N,36:13:0E
2015-11-02,2.92,175.0,7:17:0N,36:13:0E
2015-11-03,5.545,175.0,7:17:0N,36:13:0E
2015-11-04,7.902,175.0,7:17:0N,36:13:0E
2015-11-05,2.815,175.0,7:17:0N,36:13:0E
2015-11-06,10.083,175.0,7:17:0N,36:13:0E
2015-11-07,10.718,175.0,7:17:0N,36:13:0E
2015-11-08,10.152999999999999,175.0,7:17:0N,36:13:0E
2015-11-09,8.908999999999999,175.0,7:17:0N,36:13:0E
2015-11-10,8.301,175.0,7:17:0N,36:13:0E
2015-11-11,7.441,175.0,7:17:0N,36:13:0E
2015-11-12,4.184,175.0,7:17:0N,36:13:0E
2015-11-13,5.729,175.0,7:17:0N,36:13:0E
2015-11-14,4.648,175.0,7:17:0N,36:13:0E
2015-11-15,4.357,175.0,7:17:0N,36:13:0E
2015-11-16,4.184,175.0,7:17:0N,36:13:0E
2015-11-17,6.414,175.0,7:17:0N,36:13:0E
2015-11-18,3.7889999999999997,175.0,7:17:0N,36:13:0E
2015-11-19,3.5669999999999997,175.0,7:17:0N,36:13:0E
2015-11-20,9.527000000000001,175.0,7:17:0N,36:13:0E
2015-11-21,9.389,175.0,7:17:0N,36:13:0E
2015-11-22,3.0789999999999997,175.0,7:17:0N,36:13:0E
2015-11-23,3.0260000000000002,175.0,7:17:0N,36:13:0E
2015-11-24,2.9730000000000003,175.0,7:17:0N,36:13:0E
2015-11-25,2.867,175.0,7:17:0N,36:13:0E
2015-11-26,2.608,175.0,7:17:0N,36:13:0E
2015-11-27,2.305,175.0,7:17:0N,36:13:0E
2015-11-28,1.9140000000000001,175.0,7:17:0N,36:13:0E
2015-11-29,1.679,175.0,7:17:0N,36:13:0E
2015-11-30,1.819,175.0,7:17:0N,36:13:0E
2016-11-01,3.3480000000000003,175.0,7:17:0N,36:13:0E
2016-11-02,3.1860000000000004,175.0,7:17:0N,36:13:0E
2016-11-03,2.92,175.0,7:17:0N,36:13:0E
2016-11-04,2.506,175.0,7:17:0N,36:13:0E
2016-11-05,2.206,175.0,7:17:0N,36:13:0E
2016-11-06,1.633,175.0,7:17:0N,36:13:0E
2016-11-07,1.5419999999999998,175.0,7:17:0N,36:13:0E
2016-11-08,1.319,175.0,7:17:0N,36:13:0E
2016-11-09,1.189,175.0,7:17:0N,36:13:0E
2016-11-10,1.146,175.0,7:17:0N,36:13:0E
2016-11-11,1.104,175.0,7:17:0N,36:13:0E
2016-11-12,1.02,175.0,7:17:0N,36:13:0E
2016-11-13,0.9790000000000001,175.0,7:17:0N,36:13:0E
2016-11-14,0.9390000000000001,175.0,7:17:0N,36:13:0E
2016-11-15,0.8590000000000001,175.0,7:17:0N,36:13:0E
2016-11-16,0.78,175.0,7:17:0N,36:13:0E
2016-11-17,0.703,175.0,7:17:0N,36:13:0E
2016-11-18,0.78,175.0,7:17:0N,36:13:0E
2016-11-19,0.8590000000000001,175.0,7:17:0N,36:13:0E
2016-11-20,0.8590000000000001,175.0,7:17:0N,36:13:0E
2016-11-21,0.8590000000000001,175.0,7:17:0N,36:13:0E
2016-11-22,0.898,175.0,7:17:0N,36:13:0E
2016-11-23,0.9390000000000001,175.0,7:17:0N,36:13:0E
2016-11-24,0.9790000000000001,175.0,7:17:0N,36:13:0E
2016-11-25,1.02,175.0,7:17:0N,36:13:0E
2016-11-26,0.9790000000000001,175.0,7:17:0N,36:13:0E
2016-11-27,0.9390000000000001,175.0,7:17:0N,36:13:0E
2016-11-28,0.898,175.0,7:17:0N,36:13:0E
2016-11-29,0.8590000000000001,175.0,7:17:0N,36:13:0E
2016-11-30,0.8590000000000001,175.0,7:17:0N,36:13:0E
2017-11-01,3.457,175.0,7:17:0N,36:13:0E
2017-11-02,3.3480000000000003,175.0,7:17:0N,36:13:0E
2017-11-03,3.2939999999999996,175.0,7:17:0N,36:13:0E
2017-11-04,3.1319999999999997,175.0,7:17:0N,36:13:0E
2017-11-05,3.0260000000000002,175.0,7:17:0N,36:13:0E
2017-11-06,2.92,175.0,7:17:0N,36:13:0E
2017-11-07,2.815,175.0,7:17:0N,36:13:0E
2017-11-08,2.763,175.0,7:17:0N,36:13:0E
2017-11-09,2.66,175.0,7:17:0N,36:13:0E
2017-11-10,2.608,175.0,7:17:0N,36:13:0E
2017-11-11,2.608,175.0,7:17:0N,36:13:0E
2017-11-12,2.506,175.0,7:17:0N,36:13:0E
2017-11-13,2.455,175.0,7:17:0N,36:13:0E
2017-11-14,2.405,175.0,7:17:0N,36:13:0E
2017-11-15,2.206,175.0,7:17:0N,36:13:0E
2017-11-16,2.206,175.0,7:17:0N,36:13:0E
2017-11-17,2.01,175.0,7:17:0N,36:13:0E
2017-11-18,2.059,175.0,7:17:0N,36:13:0E
2017-11-19,1.9140000000000001,175.0,7:17:0N,36:13:0E
2017-11-20,1.819,175.0,7:17:0N,36:13:0E
2017-11-21,1.726,175.0,7:17:0N,36:13:0E
2017-11-22,1.587,175.0,7:17:0N,36:13:0E
2017-11-23,1.633,175.0,7:17:0N,36:13:0E
2017-11-24,1.5419999999999998,175.0,7:17:0N,36:13:0E
2017-11-25,1.4509999999999998,175.0,7:17:0N,36:13:0E
2017-11-26,1.319,175.0,7:17:0N,36:13:0E
2017-11-27,1.232,175.0,7:17:0N,36:13:0E
2017-11-28,1.104,175.0,7:17:0N,36:13:0E
2017-11-29,0.9390000000000001,175.0,7:17:0N,36:13:0E
2017-11-30,0.78,175.0,7:17:0N,36:13:0E
2015-12-01,2.405,175.0,7:17:0N,36:13:0E
2015-12-02,3.457,175.0,7:17:0N,36:13:0E
2015-12-03,4.127,175.0,7:17:0N,36:13:0E
2015-12-04,4.531000000000001,175.0,7:17:0N,36:13:0E
2015-12-05,4.5889999999999995,175.0,7:17:0N,36:13:0E
2015-12-06,4.648,175.0,7:17:0N,36:13:0E
2015-12-07,4.242,175.0,7:17:0N,36:13:0E
2015-12-08,3.457,175.0,7:17:0N,36:13:0E
2015-12-09,2.66,175.0,7:17:0N,36:13:0E
2015-12-10,2.608,175.0,7:17:0N,36:13:0E
2015-12-11,2.815,175.0,7:17:0N,36:13:0E
2015-12-12,2.92,175.0,7:17:0N,36:13:0E
2015-12-13,3.0260000000000002,175.0,7:17:0N,36:13:0E
2015-12-14,3.1319999999999997,175.0,7:17:0N,36:13:0E
2015-12-15,2.92,175.0,7:17:0N,36:13:0E
2015-12-16,2.66,175.0,7:17:0N,36:13:0E
2015-12-17,2.455,175.0,7:17:0N,36:13:0E
2015-12-18,2.305,175.0,7:17:0N,36:13:0E
2015-12-19,2.206,175.0,7:17:0N,36:13:0E
2015-12-20,2.206,175.0,7:17:0N,36:13:0E
2015-12-21,2.108,175.0,7:17:0N,36:13:0E
2015-12-22,2.01,175.0,7:17:0N,36:13:0E
2015-12-23,1.819,175.0,7:17:0N,36:13:0E
2015-12-24,1.7719999999999998,175.0,7:17:0N,36:13:0E
2015-12-25,1.726,175.0,7:17:0N,36:13:0E
2015-12-26,1.633,175.0,7:17:0N,36:13:0E
2015-12-27,1.633,175.0,7:17:0N,36:13:0E
2015-12-28,1.5419999999999998,175.0,7:17:0N,36:13:0E
2015-12-29,1.4509999999999998,175.0,7:17:0N,36:13:0E
2015-12-30,1.4509999999999998,175.0,7:17:0N,36:13:0E
2015-12-31,1.5419999999999998,175.0,7:17:0N,36:13:0E
2016-12-01,0.8590000000000001,175.0,7:17:0N,36:13:0E
2016-12-02,0.8590000000000001,175.0,7:17:0N,36:13:0E
2016-12-03,0.8590000000000001,175.0,7:17:0N,36:13:0E
2016-12-04,0.8590000000000001,175.0,7:17:0N,36:13:0E
2016-12-05,0.8190000000000001,175.0,7:17:0N,36:13:0E
2016-12-06,0.8190000000000001,175.0,7:17:0N,36:13:0E
2016-12-07,0.8190000000000001,175.0,7:17:0N,36:13:0E
2016-12-08,0.78,175.0,7:17:0N,36:13:0E
2016-12-09,0.78,175.0,7:17:0N,36:13:0E
2016-12-10,0.78,175.0,7:17:0N,36:13:0E
2016-12-11,0.78,175.0,7:17:0N,36:13:0E
2016-12-12,0.78,175.0,7:17:0N,36:13:0E
2016-12-13,0.78,175.0,7:17:0N,36:13:0E
2016-12-14,0.741,175.0,7:17:0N,36:13:0E
2016-12-15,0.703,175.0,7:17:0N,36:13:0E
2016-12-16,0.703,175.0,7:17:0N,36:13:0E
2016-12-17,0.6659999999999999,175.0,7:17:0N,36:13:0E
2016-12-18,0.6659999999999999,175.0,7:17:0N,36:13:0E
2016-12-19,0.6659999999999999,175.0,7:17:0N,36:13:0E
2016-12-20,0.6659999999999999,175.0,7:17:0N,36:13:0E
2016-12-21,0.6659999999999999,175.0,7:17:0N,36:13:0E
2016-12-22,0.6659999999999999,175.0,7:17:0N,36:13:0E
2016-12-23,0.6659999999999999,175.0,7:17:0N,36:13:0E
2016-12-24,0.628,175.0,7:17:0N,36:13:0E
2016-12-25,0.628,175.0,7:17:0N,36:13:0E
2016-12-26,0.628,175.0,7:17:0N,36:13:0E
2016-12-27,0.628,175.0,7:17:0N,36:13:0E
2016-12-28,0.628,175.0,7:17:0N,36:13:0E
2016-12-29,0.628,175.0,7:17:0N,36:13:0E
2016-12-30,0.628,175.0,7:17:0N,36:13:0E
2016-12-31,0.628,175.0,7:17:0N,36:13:0E
2017-12-01,0.703,175.0,7:17:0N,36:13:0E
2017-12-02,0.6659999999999999,175.0,7:17:0N,36:13:0E
2017-12-03,0.628,175.0,7:17:0N,36:13:0E
2017-12-04,0.628,175.0,7:17:0N,36:13:0E
2017-12-05,0.5920000000000001,175.0,7:17:0N,36:13:0E
2017-12-06,0.556,175.0,7:17:0N,36:13:0E
2017-12-07,0.556,175.0,7:17:0N,36:13:0E
2017-12-08,0.556,175.0,7:17:0N,36:13:0E
2017-12-09,0.556,175.0,7:17:0N,36:13:0E
2017-12-10,0.556,175.0,7:17:0N,36:13:0E
2017-12-11,0.556,175.0,7:17:0N,36:13:0E
2017-12-12,0.556,175.0,7:17:0N,36:13:0E
2017-12-13,0.556,175.0,7:17:0N,36:13:0E
2017-12-14,0.556,175.0,7:17:0N,36:13:0E
2017-12-15,0.556,175.0,7:17:0N,36:13:0E
2017-12-16,0.556,175.0,7:17:0N,36:13:0E
2017-12-17,0.556,175.0,7:17:0N,36:13:0E
2017-12-18,0.556,175.0,7:17:0N,36:13:0E
2017-12-19,0.556,175.0,7:17:0N,36:13:0E
2017-12-20,0.52,175.0,7:17:0N,36:13:0E
2017-12-21,0.52,175.0,7:17:0N,36:13:0E
2017-12-22,0.52,175.0,7:17:0N,36:13:0E
2017-12-23,0.52,175.0,7:17:0N,36:13:0E
2017-12-24,0.52,175.0,7:17:0N,36:13:0E
2017-12-25,0.52,175.0,7:17:0N,36:13:0E
2017-12-26,0.52,175.0,7:17:0N,36:13:0E
2017-12-27,0.52,175.0,7:17:0N,36:13:0E
2017-12-28,0.52,175.0,7:17:0N,36:13:0E
2017-12-29,0.52,175.0,7:17:0N,36:13:0E
2017-12-30,0.556,175.0,7:17:0N,36:13:0E
2017-12-31,0.5920000000000001,175.0,7:17:0N,36:13:0E
